Iteration,Average Fitness,Average Links
0,2.5374716817239484,6.52
250,2.3105762055664045,2.56
500,1.8623681401542624,2.44
750,1.985331064355211,4.0
