Iteration,Average Fitness,Average Links
0,2.058014550036847,5.1
250,2.0892952220699823,3.2
500,1.7873382806211136,2.6
750,1.8825210753591919,3.2
