Iteration,Average Fitness,Average Links
0,2.117761131833373,5.1
250,1.740141890708432,2.8
500,1.7041323510044506,1.3
750,2.040653504069035,2.7
