Iteration,Average Fitness,Average Links
0,2.308315919064986,4.9
250,1.9828197601573283,5.5
500,1.7309502270752932,1.6
750,1.9927807494321943,3.1
